{"14": [25.701999999999998, 25.701999999999998, 25.701999999999998, 25.701999999999998, 23.804076488511026, 20.71681427376402, 17.65965886404355, 14.637209449360387, 11.539475600438951, 8.438891158668595, 5.333950242254994, 2.460613592219545, 2.460613592219545, 2.460613592219545, 2.460613592219545, 2.460613592219545, 2.460613592219545, 2.460613592219545, 2.460613592219545, 2.460613592219545, 2.460613592219545, 2.460613592219545, 2.460613592219545, 2.460613592219545, 2.460613592219545, 2.460613592219545, 2.460613592219545, 2.460613592219545, 2.460613592219545, 2.460613592219545, 2.460613592219545, 2.460613592219545, 2.460613592219545, 2.460613592219545, 2.460613592219545, 2.460613592219545, 2.460613592219545, 2.460613592219545, 2.460613592219545, 2.460613592219545, 2.460613592219545, 2.460613592219545, 2.460613592219545, 2.460613592219545, 2.460613592219545, 2.460613592219545, 2.460613592219545, 2.460613592219545, 2.460613592219545, 2.460613592219545, 2.460613592219545, 2.460613592219545, 2.460613592219545, 2.460613592219545, 2.460613592219545, 2.460613592219545, 2.460613592219545, 2.460613592219545, 2.460613592219545], "13": [30.701999999999998, 30.701999999999998, 30.701999999999998, 30.701999999999998, 30.036653945203703, 27.990984743597725, 26.02687347087682, 24.38831016619163, 22.921974606413077, 21.660071358946055, 20.56002626235052, 19.539998063423685, 18.597523921069275, 17.72540793927749, 16.904028579696895, 16.122357426519358, 15.373468688577816, 14.653734138585442, 13.955568155191985, 13.272204885743234, 12.601277911363177, 11.94231383834632, 11.294768287058599, 10.656677991523278, 10.022817614675846, 9.393075672776105, 8.76739544546151, 8.149315015625607, 7.546274902540501, 6.978770849647373, 6.438856352745368, 6.238033023544821, 5.741623311013549, 5.252179368543167, 4.78422135963906, 4.331029513494596, 3.7982244501370745, 3.2493514966968675, 2.6974661086062723, 2.139825273031247, 1.5747813802190624, 1.0038742471209, 0.9129000000000005, 0.9129000000000005, 0.9129000000000005, 0.9129000000000005, 0.9129000000000005, 0.9129000000000005, 0.9129000000000005, 0.9129000000000005, 0.9129000000000005, 0.9129000000000005, 0.9129000000000005, 0.9129000000000005, 0.9129000000000005, 0.9129000000000005, 0.9129000000000005, 0.9129000000000005, 0.9129000000000005], "15": [5.701999999999998, 5.357824411135129, 5.357824411135129, 5.357824411135129, 5.357824411135129, 5.320676431029735, 4.537667715934432, 3.792699289108814, 2.963541166147027, 2.1446190464809685, 1.326937715624682, 1.0926750891844819, 1.0926750891844819, 1.0926750891844819, 1.0926750891844819, 1.0926750891844819, 1.0926750891844819, 1.0926750891844819, 1.0926750891844819, 1.0926750891844819, 1.0926750891844819, 1.0926750891844819, 1.0926750891844819, 1.0926750891844819, 1.0926750891844819, 1.0926750891844819, 1.0926750891844819, 1.0926750891844819, 1.0926750891844819, 1.0926750891844819, 1.0926750891844819, 1.0926750891844819, 1.0926750891844819, 1.0926750891844819, 1.0926750891844819, 1.0926750891844819, 1.0926750891844819, 1.0926750891844819, 1.0926750891844819, 1.0926750891844819, 1.0926750891844819, 1.0926750891844819, 1.0926750891844819, 1.0926750891844819, 1.0926750891844819, 1.0926750891844819, 1.0926750891844819, 1.0926750891844819, 1.0926750891844819, 1.0926750891844819, 1.0926750891844819, 1.0926750891844819, 1.0926750891844819, 1.0926750891844819, 1.0926750891844819, 1.0926750891844819, 1.0926750891844819, 1.0926750891844819, 1.0926750891844819]}